X,Y
-3.875,2.55
-3.87,2.55
-3.86,2.55
-3.85,2.55
-3.84,2.55
-3.83,2.55
-3.82,2.55
-3.81,2.55
-3.8,2.55
-3.79,2.55
-3.78,2.55
-3.77,2.55
-3.76,2.55
-3.75,2.55
-3.74,2.55
-3.73,2.55
-3.72,2.55
-3.71,2.55
-3.7,2.55
-3.69,2.55
-3.68,2.55
-3.67,2.55
-3.66,2.55
-3.65,2.55
-3.64,2.55
-3.63,2.55
-3.62,2.55
-3.61,2.55
-3.6,2.55
-3.59,2.55
-3.58,2.55
-3.57,2.55
-3.56,2.55
-3.55,2.55
-3.54,2.55
-3.53,2.55
-3.52,2.55
-3.51,2.55
-3.5,2.55
-3.49,2.55
-3.48,2.55
-3.47,2.55
-3.46,2.55
-3.45,2.55
-3.44,2.55
-3.43,2.55
-3.42,2.55
-3.41,2.55
-3.4,2.55
-3.39,2.55
-3.38,2.55
-3.37,2.55
-3.36,2.55
-3.35,2.55
-3.34,2.55
-3.33,2.55
-3.32,2.55
-3.31,2.55
-3.3,2.55
-3.29,2.55
-3.28,2.55
-3.27,2.55
-3.26,2.55
-3.25,2.55
-3.24,2.55
-3.23,2.55
-3.22,2.55
-3.21,2.55
-3.2,2.55
-3.19,2.55
-3.18,2.55
-3.17,2.55
-3.16,2.55
-3.15,2.55
-3.141098088950087,2.55
-3.132196177900173,2.55
-3.12329426685026,2.55
-3.11332909040578,2.5497845545717697
-3.10336805337977,2.5494255285718497
-3.0934132244069,2.54892299656012
-3.08346667083256,2.54827706289872
-3.07353045828361,2.54748786173038
-3.06360665023933,2.54655555695058
-3.05369730760295,2.54548034217349
-3.04380448827361,2.54426244069178
-3.03393024671902,2.5429021054302496
-3.0240766335488,2.54139961889328
-3.01424569508862,2.5397552931062
-3.00443947295521,2.53796946955043
-2.99466000363242,2.53604251909265
-2.98490931804828,2.53397484190769
-2.97518944115319,2.5317668673955
-2.96550239149947,2.52941905409194
-2.95585018082209,2.5269318895735298
-2.94623481362094,2.52430589035626
-2.93665828674452,2.52154160178826
-2.92712258897524,2.51863959793658
-2.91762970061646,2.51560048146796
-2.90818159308117,2.51242488352369
-2.89878022848262,2.5091134635885
-2.88942755922682,2.50566690935365
-2.88012552760711,2.5020859365741
-2.87087606540076,2.49837128891984
-2.86168109346782,2.4945237378214697
-2.8525425213522,2.4905440823100298
-2.84346224688512,2.4864331488509896
-2.83444215579098,2.48219179117267
-2.82548412129571,2.47782089008895
-2.81659000373782,2.4733213533163
-2.807761650182,2.4686941152853
-2.79900089403556,2.4639401369466096
-2.79030955466769,2.45906040557137
-2.7816894370316,2.4540559345461697
-2.77314233128971,2.44892776316261
-2.76467001244187,2.4436769564015
-2.75627423995672,2.4383046047116297
-2.74795675740633,2.43281182378334
-2.73971929210411,2.4271997543168498
-2.73156355474605,2.42146956178532
-2.72349123905549,2.41562243619286
-2.71550402143139,2.40965959182735
-2.70760356060015,2.4035822670083
-2.69979149727118,2.39739172382969
-2.69206945379614,2.39108924789783
-2.68443903383203,2.38467614806442
-2.67690182200814,2.3781537561547
-2.66945938359702,2.37152342669088
-2.66211326418935,2.36478653661086
-2.65486498937298,2.3579444849822497
-2.64771606441615,2.35099869271185
-2.64066797395482,2.34395060225052
-2.63372218168442,2.33680167729369
-2.62688013005581,2.32955340247732
-2.62014323997579,2.3222072830696496
-2.61351291051197,2.3147648446585296
-2.60699051860225,2.30722763283464
-2.60057741876884,2.29959721287053
-2.59427494283698,2.2918751693954897
-2.58808439965837,2.28406310606652
-2.58200707483932,2.27616264523528
-2.57604423047381,2.26817542761118
-2.57019710488135,2.26010311192062
-2.56446691234982,2.25194737456256
-2.55885484288333,2.24370990926034
-2.55336206195504,2.2353924267099496
-2.54798971026517,2.2269966542248
-2.54273890350406,2.21852433537696
-2.53761073212051,2.20997722963507
-2.5326062610953,2.20135711199898
-2.52772652972006,2.1926657726311096
-2.52297255138137,2.18390501648467
-2.51834531335037,2.17507666292885
-2.51384577657772,2.16618254537096
-2.509474875494,2.15722451087569
-2.50523351781568,2.1482044197815497
-2.50112258435664,2.13912414531447
-2.4971429288452,2.12998557319886
-2.49329537774683,2.12079060126591
-2.48958073009257,2.11154113905956
-2.48599975731302,2.10223910743985
-2.48255320307817,2.09288643818405
-2.47924178314298,2.0834850735855
-2.47606618519871,2.07403696605021
-2.47302706873009,2.06454407769143
-2.47012506487841,2.0550083799221497
-2.46736077631041,2.04543185304573
-2.46473477709314,2.03581648584458
-2.46224761257473,2.0261642751672
-2.45989979927117,2.01647722551348
-2.45769182475898,2.0067573486183896
-2.45562414757402,1.9970066630342496
-2.45369719711624,1.98722719371146
-2.45191137356047,1.9774209715780495
-2.45026704777339,1.9675900331178695
-2.44876456123642,1.95773641994765
-2.44740422597489,1.94786217839306
-2.44618632449318,1.93796935906372
-2.44511110971609,1.92806001642734
-2.44417880493629,1.91813620838306
-2.44338960376795,1.9081999958341096
-2.44274367010655,1.8982534422597697
-2.44224113809482,1.8882986132869
-2.4418821120949,1.8783375762608896
-2.44166666666667,1.86837239981641
-2.44166666666667,1.86002604432205
-2.44166666666667,1.8516796888276896
-2.44166666666667,1.84333333333333
-2.44166666666667,1.83333333333333
-2.44166666666667,1.82333333333333
-2.44166666666667,1.81333333333333
-2.44166666666667,1.80333333333333
-2.44166666666667,1.79333333333333
-2.44166666666667,1.78333333333333
-2.44166666666667,1.77333333333333
-2.44166666666667,1.76333333333333
-2.44166666666667,1.75333333333333
-2.44166666666667,1.74333333333333
-2.44166666666667,1.73333333333333
-2.44166666666667,1.72333333333333
-2.44166666666667,1.71333333333333
-2.44166666666667,1.70333333333333
-2.44166666666667,1.69333333333333
-2.44166666666667,1.68333333333333
-2.44166666666667,1.67333333333333
-2.44166666666667,1.66333333333333
-2.44166666666667,1.65333333333333
-2.44166666666667,1.64333333333333
-2.44166666666667,1.63333333333333
-2.44166666666667,1.62333333333333
-2.44166666666667,1.61333333333333
-2.44166666666667,1.60333333333333
-2.44166666666667,1.59333333333333
-2.44166666666667,1.58333333333333
-2.44166666666667,1.57333333333333
-2.44166666666667,1.56333333333333
-2.44166666666667,1.55333333333333
-2.44166666666667,1.54333333333333
-2.44166666666667,1.53333333333333
-2.44166666666667,1.52333333333333
-2.44166666666667,1.51333333333333
-2.44166666666667,1.50333333333333
-2.44166666666667,1.49333333333333
-2.44166666666667,1.48333333333333
-2.44166666666667,1.47333333333333
-2.44166666666667,1.46333333333333
-2.44166666666667,1.45333333333333
-2.44166666666667,1.44333333333333
-2.44166666666667,1.43333333333333
-2.44166666666667,1.42333333333333
-2.44166666666667,1.41333333333333
-2.44166666666667,1.40333333333333
-2.44166666666667,1.39333333333333
-2.44166666666667,1.38333333333333
-2.44166666666667,1.37333333333333
-2.44166666666667,1.36333333333333
-2.44166666666667,1.35333333333333
-2.44166666666667,1.34333333333333
-2.44166666666667,1.33333333333333
-2.44166666666667,1.32333333333333
-2.44166666666667,1.31333333333333
-2.44166666666667,1.30333333333333
-2.44166666666667,1.29333333333333
-2.44166666666667,1.28333333333333
-2.44166666666667,1.27333333333333
-2.44166666666667,1.26333333333333
-2.44166666666667,1.25333333333333
-2.44166666666667,1.24333333333333
-2.44166666666667,1.23333333333333
-2.44166666666667,1.22333333333333
-2.44166666666667,1.21333333333333
-2.44166666666667,1.20333333333333
-2.44166666666667,1.19333333333333
-2.44166666666667,1.18333333333333
-2.44166666666667,1.17333333333333
-2.44166666666667,1.16333333333333
-2.44166666666667,1.15333333333333
-2.44166666666667,1.14333333333333
-2.44166666666667,1.13333333333333
-2.44166666666667,1.12666666666667
-2.44166666666667,1.11666666666667
-2.44166666666667,1.10666666666667
-2.44166666666667,1.09666666666667
-2.44166666666667,1.08666666666667
-2.44166666666667,1.07666666666667
-2.44166666666667,1.06666666666667
-2.44166666666667,1.05666666666667
-2.44166666666667,1.04666666666667
-2.44166666666667,1.03666666666667
-2.44166666666667,1.02666666666667
-2.44166666666667,1.01666666666667
-2.44166666666667,1.00666666666667
-2.44166666666667,0.996666666666667
-2.44166666666667,0.986666666666667
-2.44166666666667,0.976666666666667
-2.44166666666667,0.966666666666667
-2.44166666666667,0.956666666666667
-2.44166666666667,0.946666666666667
-2.44166666666667,0.936666666666667
-2.44166666666667,0.926666666666667
-2.44166666666667,0.916666666666667
-2.44166666666667,0.906666666666667
-2.44166666666667,0.896666666666667
-2.44166666666667,0.886666666666667
-2.44166666666667,0.876666666666667
-2.44166666666667,0.866666666666667
-2.44166666666667,0.856666666666667
-2.44166666666667,0.846666666666667
-2.44166666666667,0.836666666666667
-2.44166666666667,0.826666666666667
-2.44166666666667,0.816666666666667
-2.44127981715903,0.80671848185572
-2.44111927483074,0.79677144857064
-2.44085172493162,0.786826718204001
-2.4404771984312,0.776885441881811
-2.4399957386818,0.766948770330261
-2.43940740141353,0.757017853742532
-2.43871225472782,0.747093841645653
-2.43791037908953,0.737177882767441
-2.43700186731767,0.727271124903536
-2.43598682457461,0.717374714784537
-2.43486536835394,0.707489797943268
-2.43363762846688,0.69761751858218
-2.4323037470272,0.687759019440904
-2.43086387843484,0.677915441663978
-2.42931818935797,0.668087924668758
-2.42766685871377,0.658277606013527
-2.42591007764764,0.648485621265818
-2.42404804951115,0.638713103870972
-2.42208098983843,0.628961185020939
-2.4200091263213,0.619230993523335
-2.41783269878284,0.609523655670788
-2.41555195914967,0.599840295110561
-2.41316717142279,0.590182032714488
-2.41067861164701,0.580549986449232
-2.40808656787899,0.570945271246878
-2.40539134015392,0.561368998875874
-2.40259324045076,0.551822277812344
-2.39969259265616,0.542306213111779
-2.39668973252694,0.532821906281124
-2.39358500765125,0.523370455151273
-2.39037877740833,0.513952953749999
-2.38707141292688,0.50457049217531
-2.38366329704215,0.495224156469274
-2.3801548242516,0.485915028492303
-2.37654640066923,0.476644185797928
-2.37283844397858,0.467412701508067
-2.3690313833844,0.45822164418881
-2.36512565956292,0.44907207772673
-2.3611217246109,0.439965061205735
-2.35702004199326,0.430901648784478
-2.35282108648944,0.421882889574332
-2.34852534413844,0.412909827517959
-2.34413331218258,0.403983501268466
-2.33964549900993,0.395104944069178
-2.33506242409545,0.386275183634044
-2.33038461794086,0.377495242028668
-2.32561262201328,0.368766135552009
-2.3207469886825,0.360088874618741
-2.31578828115705,0.351464463642292
-2.31073707341903,0.342893900918584
-2.30559395015765,0.334378178510476
-2.30035950670157,0.325918282132932
-2.29503434894997,0.31751519103892
-2.28961909330243,0.309169877906063
-2.28411436658757,0.300883308724049
-2.27852080599048,0.292656442682813
-2.27283905897902,0.284490232061515
-2.26706978322881,0.276385622118302
-2.26121364654712,0.2683435509809
-2.25527132679559,0.260364949538022
-2.24924351181177,0.252450741331609
-2.24313089932945,0.244601842449939
-2.23693419689796,0.236819161421576
-2.23065412180023,0.229103599110216
-2.22429140096976,0.221456048610402
-2.21784677090651,0.21387739514415
-2.21132097759162,0.206368515958484
-2.20471477640105,0.198930280223886
-2.19802893201819,0.191563548933696
-2.19126421834531,0.184269174804443
-2.18442141841396,0.177048002177147
-2.17750132429439,0.169900866919577
-2.17050473700383,0.162828596329506
-2.16343246641376,0.155832009038942
-2.15628533115619,0.148911914919375
-2.14906415852889,0.142069114988028
-2.14176978439964,0.13530440131514
-2.13440305310945,0.128618556932282
-2.12696481737485,0.122012355741717
-2.11945593818918,0.115486562426823
-2.11187728472293,0.109041932363573
-2.10422973422312,0.102679211533106
-2.09651417191176,0.0963991364353718
-2.08873149088339,0.0902024340038822
-2.08088259200172,0.0840898215215656
-2.07296838379531,0.0780620065377411
-2.06498978235243,0.0721196867862173
-2.05694771121503,0.0662635501045269
-2.04884310127182,0.0604942743543099
-2.04067689065052,0.0548125273428482
-2.03245002460928,0.0492189667457655
-2.02416345542727,0.0437142400309006
-2.01581814229441,0.0382989843833594
-2.0074150512004,0.0329738266317621
-1.99895515482286,0.0277393831756843
-1.99043943241475,0.0225962599143075
-1.98186886969104,0.0175450521762856
-1.97324445871459,0.0125863446508337
-1.96456719778132,0.0077207113200488
-1.95583809130467,0.0029487153924709
-1.94705814969929,-0.0017290907621115
-1.93822838926415,-0.0063121656765978
-1.92934983206487,-0.0107999788492513
-1.92042350581537,-0.0151920108051076
-1.911450443759,-0.0194877531561042
-1.90243168454886,-0.023686708659927
-1.8933682721276,-0.0277883912775682
-1.8842612556066,-0.0317923262295861
-1.87511168914452,-0.0356980500510616
-1.86592063182527,-0.0395051106452464
-1.85668914753541,-0.043213067335893
-1.84741830484103,-0.0468214909182648
-1.83810917686406,-0.0503299637088171
-1.82876284115802,-0.0537380795935459
-1.81938037958333,-0.0570454440749949
-1.80996287818206,-0.0602516743179213
-1.80051142705221,-0.0633563991936085
-1.79102712022155,-0.066359259322826
-1.78151105552099,-0.069259907117428
-1.77196433445746,-0.0720580068205874
-1.76238806208646,-0.0747532345456611
-1.7527833468841,-0.0773452783136799
-1.74315130061885,-0.0798338380894612
-1.73349303822277,-0.0822186258163387
-1.72380967766254,-0.0844993654495055
-1.71410233981,-0.0866757929879673
-1.70437214831239,-0.0887476565051006
-1.69462022946236,-0.0907147161778147
-1.68484771206752,-0.0925767443143105
-1.67505572731981,-0.0943335253804373
-1.66524540866457,-0.0959848560246415
-1.65541789166936,-0.097530545101504
-1.64557431389243,-0.0989704136938671
-1.63571581475115,-0.100304295133543
-1.62584353539006,-0.101532035020609
-1.6159586185488,-0.102653491241274
-1.6060622084298,-0.103668533984336
-1.59615545056589,-0.104577045756201
-1.58623949168768,-0.105378921394488
-1.5763154795908,-0.106074068080199
-1.56638456300307,-0.106662405348466
-1.55644789145152,-0.107143865097862
-1.54650661512933,-0.107518391598284
-1.53656188476269,-0.107785941497406
-1.52661485147761,-0.107946483825695
-1.51,-0.108333333333333
-1.5,-0.108333333333333
-1.49,-0.108333333333333
-1.48,-0.108333333333333
-1.47,-0.108333333333333
-1.46,-0.108333333333333
-1.45,-0.108333333333333
-1.44,-0.108333333333333
-1.43,-0.108333333333333
-1.42,-0.108333333333333
-1.41,-0.108333333333333
-1.4,-0.108333333333333
-1.39,-0.108333333333333
-1.38,-0.108333333333333
-1.37,-0.108333333333333
-1.36,-0.108333333333333
-1.35,-0.108333333333333
-1.34,-0.108333333333333
-1.33,-0.108333333333333
-1.32,-0.108333333333333
-1.31,-0.108333333333333
-1.3,-0.108333333333333
-1.29,-0.108333333333333
-1.28,-0.108333333333333
-1.27,-0.108333333333333
-1.26,-0.108333333333333
-1.25,-0.108333333333333
-1.24,-0.108333333333333
-1.23,-0.108333333333333
-1.22,-0.108333333333333
-1.21,-0.108333333333333
-1.2,-0.108333333333333
-1.19086666666667,-0.108333333333333
-1.18086666666667,-0.108333333333333
-1.17086666666667,-0.108333333333333
-1.16086666666667,-0.108333333333333
-1.15086666666667,-0.108333333333333
-1.14086666666667,-0.108333333333333
-1.13086666666667,-0.108333333333333
-1.12086666666667,-0.108333333333333
-1.11086666666667,-0.108333333333333
-1.10086666666667,-0.108333333333333
-1.09086666666667,-0.108333333333333
-1.08086666666667,-0.108333333333333
-1.07086666666667,-0.108333333333333
-1.06086666666667,-0.108333333333333
-1.05086666666667,-0.108333333333333
-1.04086666666667,-0.108333333333333
-1.03086666666667,-0.108333333333333
-1.02086666666667,-0.108333333333333
-1.01086666666667,-0.108333333333333
-1.00086666666667,-0.108333333333333
-0.990866666666667,-0.108333333333333
-0.980866666666667,-0.108333333333333
-0.970866666666667,-0.108333333333333
-0.960866666666667,-0.108333333333333
-0.950866666666667,-0.108333333333333
-0.940866666666667,-0.108333333333333
-0.930866666666667,-0.108333333333333
-0.920866666666667,-0.108333333333333
-0.910866666666667,-0.108333333333333
-0.900866666666667,-0.108333333333333
-0.890866666666666,-0.108333333333333
-0.880866666666667,-0.108333333333333
-0.870866666666667,-0.108333333333333
-0.860866666666667,-0.108333333333333
-0.850866666666667,-0.108333333333333
-0.840866666666667,-0.108333333333333
-0.830866666666667,-0.108333333333333
-0.820866666666667,-0.108333333333333
-0.810866666666667,-0.108333333333333
-0.800866666666667,-0.108333333333333
-0.790866666666666,-0.108333333333333
-0.780866666666667,-0.108333333333333
-0.770866666666667,-0.108333333333333
-0.760866666666667,-0.108333333333333
-0.750866666666667,-0.108333333333333
-0.740866666666667,-0.108333333333333
-0.730866666666667,-0.108333333333333
-0.720866666666667,-0.108333333333333
-0.710866666666667,-0.108333333333333
-0.700866666666667,-0.108333333333333
-0.690866666666667,-0.108333333333333
-0.680866666666667,-0.108333333333333
-0.670866666666667,-0.108333333333333
-0.660866666666667,-0.108333333333333
-0.650866666666667,-0.108333333333333
-0.640866666666666,-0.108333333333333
-0.630866666666667,-0.108333333333333
-0.620866666666667,-0.108333333333333
-0.610866666666667,-0.108333333333333
-0.600866666666667,-0.108333333333333
-0.590866666666667,-0.108333333333333
-0.580866666666667,-0.108333333333333
-0.570866666666667,-0.108333333333333
-0.560866666666667,-0.108333333333333
-0.550866666666667,-0.108333333333333
-0.540866666666666,-0.108333333333333
-0.530866666666667,-0.108333333333333
-0.520866666666667,-0.108333333333333
-0.510866666666667,-0.108333333333333
-0.500866666666667,-0.108333333333333
-0.490866666666667,-0.108333333333333
-0.480866666666667,-0.108333333333333
-0.470866666666667,-0.108333333333333
-0.460866666666667,-0.108333333333333
-0.450866666666667,-0.108333333333333
-0.440866666666667,-0.108333333333333
-0.430866666666667,-0.108333333333333
-0.420866666666667,-0.108333333333333
-0.410866666666667,-0.108333333333333
-0.400866666666667,-0.108333333333333
-0.390866666666667,-0.108333333333333
-0.380866666666667,-0.108333333333333
-0.370866666666667,-0.108333333333333
-0.360866666666667,-0.108333333333333
-0.350866666666667,-0.108333333333333
-0.340866666666667,-0.108333333333333
-0.330866666666667,-0.108333333333333
-0.320866666666667,-0.108333333333333
-0.310866666666667,-0.108333333333333
-0.300866666666667,-0.108333333333333
-0.290866666666666,-0.108333333333333
-0.280866666666667,-0.108333333333333
-0.270866666666667,-0.108333333333333
-0.260866666666667,-0.108333333333333
-0.250866666666667,-0.108333333333333
-0.240866666666667,-0.108333333333333
-0.230866666666667,-0.108333333333333
-0.220866666666667,-0.108333333333333
-0.210866666666667,-0.108333333333333
-0.200866666666667,-0.108333333333333
-0.190866666666667,-0.108333333333333
-0.180866666666667,-0.108333333333333
-0.170866666666667,-0.108333333333333
-0.160866666666667,-0.108333333333333
-0.150866666666667,-0.108333333333333
-0.140866666666667,-0.108333333333333
-0.130866666666667,-0.108333333333333
-0.120866666666667,-0.108333333333333
-0.110866666666667,-0.108333333333333
-0.100866666666667,-0.108333333333333
-0.0908666666666666,-0.108333333333333
-0.0808666666666666,-0.108333333333333
-0.0708666666666666,-0.108333333333333
-0.0608666666666666,-0.108333333333333
-0.0508666666666667,-0.108333333333333
-0.0408666666666666,-0.108333333333333
-0.0308666666666666,-0.108333333333333
-0.0208666666666666,-0.108333333333333
-0.0108666666666667,-0.108333333333333
-0.0008666666666666,-0.108333333333333
0.0091333333333333,-0.108333333333333
0.0191333333333334,-0.108333333333333
0.0291333333333334,-0.108333333333333
0.0391333333333333,-0.108333333333333
0.0491333333333333,-0.108333333333333
0.0591333333333334,-0.108333333333333
0.0691333333333334,-0.108333333333333
0.0791333333333334,-0.108333333333333
0.0891333333333333,-0.108333333333333
0.0991333333333333,-0.108333333333333
0.109133333333333,-0.108333333333333
0.119133333333333,-0.108333333333333
0.129133333333333,-0.108333333333333
0.139133333333333,-0.108333333333333
0.149133333333333,-0.108333333333333
0.159133333333333,-0.108333333333333
0.169133333333333,-0.108333333333333
0.179133333333333,-0.108333333333333
0.189133333333333,-0.108333333333333
0.199133333333333,-0.108333333333333
0.209133333333333,-0.108333333333333
0.219133333333333,-0.108333333333333
0.229133333333333,-0.108333333333333
0.239133333333333,-0.108333333333333
0.249133333333333,-0.108333333333333
0.259133333333333,-0.108333333333333
0.269133333333333,-0.108333333333333
0.279133333333333,-0.108333333333333
0.289133333333333,-0.108333333333333
0.299133333333333,-0.108333333333333
0.309133333333333,-0.108333333333333
0.319133333333333,-0.108333333333333
0.329133333333333,-0.108333333333333
0.339133333333333,-0.108333333333333
0.349133333333333,-0.108333333333333
0.359133333333333,-0.108333333333333
0.369133333333333,-0.108333333333333
0.379133333333333,-0.108333333333333
0.389133333333333,-0.108333333333333
0.399133333333333,-0.108333333333333
0.409133333333333,-0.108333333333333
0.419133333333333,-0.108333333333333
0.429133333333333,-0.108333333333333
0.439133333333333,-0.108333333333333
0.449133333333333,-0.108333333333333
0.459133333333333,-0.108333333333333
0.469133333333333,-0.108333333333333
0.479133333333333,-0.108333333333333
0.489133333333333,-0.108333333333333
0.499133333333333,-0.108333333333333
0.509133333333333,-0.108333333333333
0.519133333333333,-0.108333333333333
0.529133333333333,-0.108333333333333
0.539133333333333,-0.108333333333333
0.549133333333333,-0.108333333333333
0.559133333333333,-0.108333333333333
0.569133333333333,-0.108333333333333
0.579133333333333,-0.108333333333333
0.589133333333333,-0.108333333333333
0.599133333333333,-0.108333333333333
0.6064495098460505,-0.1084412696506155
0.6164388695647848,-0.1088851095395062
0.6264062350075269,-0.1096829317405395
0.6363398073840146,-0.1108273827207509
0.6462286125650282,-0.1123099531563819
0.6560625795482041,-0.1141211731113187
0.6658325882079037,-0.1162508070467061
0.6755304889559061,-0.1186880423604125
0.6851490978225988,-0.1214216664553911
0.6946821709707786,-0.1244402286868375
0.704124362820563,-0.1277321848296516
0.7134711718583302,-0.1312860228618046
0.7227188778967105,-0.1350903698288741
0.7318644741162635,-0.1391340803208267
0.7409055967140978,-0.1434063076561877
0.7498404544601206,-0.1478965592481383
0.758667759954872,-0.1525947378478093
0.7673866639189317,-0.1574911704519639
0.7759966934371825,-0.1625766266553506
0.7844976947380186,-0.1678423281499019
0.7928897808080607,-0.1732799509474787
0.8011732839231429,-0.1788816217495513
0.8093487130099087,-0.1846399097212214
0.8174167156317417,-0.1905478147595575
0.8253780443101624,-0.19659875318515
0.8332335268407848,-0.2027865416361449
0.8409837276382606,-0.2091057566076884
0.8486270994140174,-0.2155537783406179
0.8561672487450812,-0.2221221667196583
0.8636050994601877,-0.228806149843074
0.8709415478239484,-0.2356012699365753
0.8781774490477505,-0.2425033660042222
0.8853136053734215,-0.2495085572047794
0.892350755439002,-0.256613227058823
0.8992895646573666,-0.2638140085572942
0.9061295100102358,-0.2711087930865739
0.912870202687124,-0.2784953794894738
0.9195141485102404,-0.2859690805435445
0.9260616535432707,-0.2935273997649061
0.932512909060135,-0.301168030281684
0.938867983520832,-0.3088888454815339
0.9451268140771,-0.3166878905810594
0.9512891974055034,-0.3245633750884423
0.9573547796563608,-0.3325136661292472
0.9633230452924918,-0.3405372826046172
0.9691933045714668,-0.3486328901505467
0.9749646793980776,-0.356799296866155
0.980635834968964,-0.3650356211937796
0.9862056175394258,-0.3733408324083055
0.9916730011292448,-0.381713805470513
0.997036211747377,-0.3901538848257
1.0021215976953,-0.398754123873146
1.0073174325682,-0.407288089064435
1.01262285280631,-0.415754362034847
1.01803697663656,-0.424151535670263
1.02355890421904,-0.432478214341037
1.02918771779666,-0.440733014133944
1.03492248184759,-0.448914563082199
1.04076224324081,-0.457021501393474
1.04670603139449,-0.465052481675902
1.05275285843731,-0.473006169162016
1.05890171937265,-0.480881241930589
1.06515159224564,-0.488676391126342
1.07150143831296,-0.49639032117748
1.07795020221554,-0.504021750011016
1.08449681215393,-0.511569409265856
1.09114018006643,-0.519032044503602
1.09787920180997,-0.526408415417048
1.10471275734355,-0.533697296036313
1.11163971091449,-0.540897474932608
1.12576919173406,-0.555026955752177
1.13296937063035,-0.561953909323112
1.14025825124962,-0.568787464856701
1.14763462216306,-0.575526486600235
1.15509725740081,-0.582169854512739
1.16264491665565,-0.588716464451125
1.17027634548919,-0.595165228353705
1.17799027554032,-0.601515074421027
1.18578542473608,-0.607764947294013
1.19366049750465,-0.61391380822936
1.20161418499076,-0.61996063527218
1.20964516527319,-0.625904423425858
1.21775210358447,-0.631744184819076
1.22593365253272,-0.637478948870007
1.23418845232563,-0.643107762447623
1.2425151309964,-0.648629690030111
1.25091230463182,-0.654043813860354
1.25937857760223,-0.659349234098471
1.26791254279352,-0.664545068971368
1.284444030406728,-0.6746679509920044
1.2928190177235974,-0.6801322158227671
1.301124690790982,-0.685701274946092
1.3093603059017749,-0.6913734231726558
1.3175249885590776,-0.6971472051819433
1.325617731124349,-0.7030213939241168
1.3336373899031737,-0.7089949717170569
1.341582681616617,-0.7150671136412726
1.3494521792133478,-0.721237172887384
1.3572441460162337,-0.7275048652626304
1.3649561195092823,-0.7338707217010209
1.3725869674921345,-0.7403335897718684
1.3801346299135338,-0.7468934082752434
1.3875968707909068,-0.7535502405340125
1.3949709007483544,-0.760304662844956
1.4022533410890234,-0.7671577277879676
1.4094423759507149,-0.7741086999604526
1.4165349687071658,-0.7811580478204173
1.423527854361872,-0.7883063225368954
1.4304160210564645,-0.7955555565903358
1.4371968914949835,-0.8029052338846955
1.4438666478657811,-0.8103558813825296
1.4504209755682953,-0.8179082713672363
1.456854643713558,-0.8255637122260658
1.463162100216736,-0.8333234570760021
1.4693392463922086,-0.8411873096413885
1.4753804706926017,-0.849156043997249
1.4812797936252766,-0.857230389335709
1.4870308513593795,-0.8654110052128762
1.4926255376308266,-0.8736993400008739
1.4980578049625135,-0.8820949960522441
1.5033203138845528,-0.8905980632309775
1.5084050516686855,-0.8992085939478474
1.5133035700803137,-0.907926392178874
1.5180069863426249,-0.9167509647126378
1.5225059905852132,-0.9256814678802412
1.526790861198496,-0.934716649993688
1.5308514896377554,-0.9438547899586308
1.5346774163058872,-0.9530936328241164
1.538257879171856,-0.962430323386263
1.5415818767287928,-0.9718613393709816
1.544638246735469,-0.9813824261726298
1.5474157618905453,-0.990988535601955
1.5499032431357151,-1.0006737715687806
1.5520896906528243,-1.0104313460523804
1.5539644318035437,-1.0202535490442228
1.555517284267196,-1.0301317363238358
1.5567387314940604,-1.0400563388847266
1.5576201063656676,-1.0500168975021944
1.558153777726326,-1.0600021252796896
1.55833333333333,-1.07
1.55833333333333,-1.08
1.55833333333333,-1.09
1.55833333333333,-1.1
1.55833333333333,-1.11
1.55833333333333,-1.12
1.55833333333333,-1.13
1.55833333333333,-1.14
1.55833333333333,-1.15
1.55833333333333,-1.16
1.55833333333333,-1.17
1.55833333333333,-1.18
1.55833333333333,-1.19
1.55833333333333,-1.2
1.55833333333333,-1.21
1.55833333333333,-1.22
1.55833333333333,-1.23
1.55833333333333,-1.24
1.55833333333333,-1.25
1.55833333333333,-1.26
1.55833333333333,-1.27
1.55833333333333,-1.28
1.55833333333333,-1.29
1.55833333333333,-1.3
1.55833333333333,-1.31
1.55833333333333,-1.32
1.55833333333333,-1.33
1.55833333333333,-1.34
1.55833333333333,-1.35
1.55833333333333,-1.36
1.55833333333333,-1.37
1.55833333333333,-1.38
1.55833333333333,-1.39
1.55833333333333,-1.4
1.55833333333333,-1.41
1.55833333333333,-1.42
1.55833333333333,-1.43
1.55833333333333,-1.44
1.55833333333333,-1.45
1.55833333333333,-1.46
1.55833333333333,-1.47
1.55833333333333,-1.48
1.55833333333333,-1.49
1.55833333333333,-1.5
1.55833333333333,-1.51
1.55833333333333,-1.52
1.55833333333333,-1.53
1.55833333333333,-1.54
1.55833333333333,-1.55
1.55833333333333,-1.56
1.55833333333333,-1.57
1.55833333333333,-1.58
1.55833333333333,-1.59
1.55833333333333,-1.6
1.55833333333333,-1.61
1.55833333333333,-1.62
1.55833333333333,-1.63
1.55833333333333,-1.64
1.55833333333333,-1.65
1.55833333333333,-1.66
1.55833333333333,-1.67
1.55833333333333,-1.68
1.55833333333333,-1.69
1.55833333333333,-1.7
1.55833333333333,-1.71
1.55833333333333,-1.72
1.55833333333333,-1.73
1.55833333333333,-1.74
1.55833333333333,-1.75
1.55833333333333,-1.76
1.55833333333333,-1.77
1.55833333333333,-1.78
1.55833333333333,-1.79
1.55833333333333,-1.8
1.55833333333333,-1.81
1.55833333333333,-1.82
1.55833333333333,-1.83
1.55833333333333,-1.84
1.55833333333333,-1.85
1.557818288970452,-1.8599241687592247
1.5574973402087078,-1.8698485758785064
1.557037238090397,-1.879767505801506
1.556438073115971,-1.8896790075096324
1.555699963139089,-1.8995811314453772
1.5548230533433762,-1.9094719298958052
1.5538075162139164,-1.9193494573756664
1.5526535515032691,-1.9292117710100676
1.551361386192233,-1.939056930916633
1.549931274445196,-1.948883000587036
1.5483634975600975,-1.9586880472679773
1.5466583639131282,-1.9684701423412545
1.544816208898079,-1.9782273617032116
1.542837394860365,-1.9879577861431288
1.5407223110257309,-1.997659501720762
1.5384713734237307,-2.0073306001427924
1.536085024805871,-2.016969179138205
1.5335637345585251,-2.026573342832431
1.530907998610611,-2.036141202120258
1.5281183393360476,-2.045670875037444
1.5251953054509884,-2.055160487130868
1.5221394719059245,-2.0646081718272185
1.5189514397725494,-2.0740120708001566
1.515631836125566,-2.083370334335868
1.5121813139193407,-2.0926811216968293
1.5086005518594368,-2.101942601483945
1.504890254269149,-2.111152951996722
1.50105115095096,-2.120310361591636
1.4970839970429868,-2.129413029038448
1.4929895728704317,-2.138459163874505
1.4887686837921366,-2.1474469867569024
1.4844221600421104,-2.1563747298125278
1.479950856566293,-2.1652406369857378
1.4753556528543357,-2.1740429643837835
1.470637452766646,-2.182779980619848
1.4657971843565618,-2.191449967153578
1.460835799687854,-2.200051218629142
1.4557542746474357,-2.20858204321064
1.4505536087533837,-2.2170407629148987
1.4452348249583895,-2.2254257139415268
1.4397989694484936,-2.2337352470001504
1.4342471114373647,-2.241967727634871
1.4285803429559314,-2.250121536545713
1.4227997786376,-2.258195069907157
1.4169065554990286,-2.266186739683615
1.4109018327164875,-2.2740949739417475
1.404786791397804,-2.281918217159724
1.3985626343500908,-2.2896549305331155
1.3922305858431248,-2.297303592277648
1.385791891368574,-2.3048626979284648
1.3792478173949776,-2.3123307606360783
1.3725996511186611,-2.3197063114588485
1.3658487002105355,-2.32698789965187
1.3589962925588812,-2.334174092952387
1.3520437760081787,-2.3412634778614536
1.3449925180939548,-2.3482546599220155
1.3378439057738265,-2.355146263993156
1.330599345154691,-2.361936934520605
1.3232602612161173,-2.368625335803379
1.3158280975301029,-2.375210152256474
1.3083043159770715,-2.381690088669672
1.300690396458393,-2.3880638704622843
1.292987836605228,-2.394330243933858
1.285198151484002,-2.400487976510777
1.277322873298372,-2.4065358569887367
1.2693635510878238,-2.412472695770909
1.2613217504230458,-2.418297325102002
1.2531990530979094,-2.424008599297939
1.244997056818413,-2.4296053949711647
1.236717374888348,-2.435086611251668
1.2283616358920135,-2.440451170003506
1.2199314833738717,-2.445698016036857
1.2114285755152436,-2.450826117315549
1.202854584808197,-2.455834465160124
1.194211197726525,-2.4607220744461715
1.1855001143940471,-2.465487983798164
1.176723048250202,-2.4701312557784925
1.1678817257130074,-2.474650977071892
1.1589778858394957,-2.4790462586651048
1.1500132799836311,-2.4833162360217003
1.1409896714518473,-2.487460069252168
1.131908835156188,-2.4914769432790767
1.122772557265178,-2.4953660679974625
1.1135826348525426,-2.499126678430163
1.1043408755436792,-2.502758034878352
1.09504909716012,-2.506259423066988
1.0857091273619637,-2.5096301542853343
1.0763228032884131,-2.512869565522424
1.0668919711963696,-2.515977019597476
1.0574184860973348,-2.5189519052852005
1.0479042113924706,-2.5217936374360503
1.0383510185061349,-2.5245016570913217
1.0287607865177588,-2.527075431593066
1.0191354017922185,-2.529514454688905
1.0094767576088075,-2.531818246631576
0.999786753788859,-2.533986354273311
0.9900672963220196,-2.5360183511549685
0.9803202969913682,-2.5379138375899126
0.970547672997372,-2.539672440742623
0.9607513465807792,-2.5412938147020627
0.9509332446445222,-2.542777640549673
0.9410952983747004,-2.5441236264221274
0.9312394428607226,-2.545331507568749
0.9213676167146846,-2.5464010464035725
0.9114817616900496,-2.547332032552056
0.9015838222997103,-2.5481242828925
0.8916757454335138,-2.548777641592069
0.8817594799753102,-2.5492919801373946
0.8718369764196189,-2.5496671973599034
0.86191018648797,-2.549903219455672
0.8519810627450101,-2.55
0.841666666666667,-2.55
0.831666666666667,-2.55
0.821666666666667,-2.55
0.811666666666667,-2.55
0.801666666666667,-2.55
0.791666666666667,-2.55
0.781666666666667,-2.55
0.771666666666667,-2.55
0.761666666666667,-2.55
0.751666666666667,-2.55
0.741666666666667,-2.55
0.731666666666667,-2.55
0.721666666666667,-2.55
0.711666666666667,-2.55
0.701666666666667,-2.55
0.691666666666667,-2.55
0.681666666666667,-2.55
0.671666666666667,-2.55
0.661666666666667,-2.55
0.651666666666667,-2.55
0.641666666666667,-2.55
0.631666666666667,-2.55
0.621666666666667,-2.55
0.611666666666667,-2.55
0.601666666666667,-2.55
0.591666666666667,-2.55
0.581666666666667,-2.55
0.571666666666667,-2.55
0.561666666666667,-2.55
0.551666666666667,-2.55
0.541666666666667,-2.55
0.531666666666667,-2.55
0.521666666666667,-2.55
0.511666666666667,-2.55
0.501666666666667,-2.55
0.491666666666667,-2.55
0.481666666666667,-2.55
0.471666666666667,-2.55
0.461666666666667,-2.55
0.451666666666667,-2.55
0.441666666666667,-2.55
0.431666666666667,-2.55
0.421666666666667,-2.55
0.411666666666667,-2.55
0.401666666666667,-2.55
0.391666666666667,-2.55
0.381666666666667,-2.55
0.371666666666667,-2.55
0.361666666666667,-2.55
0.351666666666667,-2.55
0.341666666666667,-2.55
0.331666666666667,-2.55
0.321666666666667,-2.55
0.311666666666667,-2.55
0.301666666666667,-2.55
0.291666666666667,-2.55
0.281666666666667,-2.55
0.271666666666667,-2.55
0.261666666666667,-2.55
0.251666666666667,-2.55
0.241666666666667,-2.55
0.231666666666667,-2.55
0.221666666666667,-2.55
0.211666666666667,-2.55
0.201666666666667,-2.55
0.191666666666667,-2.55
0.181666666666667,-2.55
0.171666666666667,-2.55
0.161666666666667,-2.55
0.151666666666667,-2.55
0.141666666666667,-2.55
0.131666666666667,-2.55
0.121666666666667,-2.55
0.111666666666667,-2.55
0.101666666666667,-2.55
0.0916666666666667,-2.55
0.0816666666666666,-2.55
0.0716666666666667,-2.55
0.0616666666666667,-2.55
0.0516666666666666,-2.55
0.0416666666666667,-2.55
0.0316666666666666,-2.55
0.0216666666666667,-2.55
0.0116666666666667,-2.55
0.0016666666666666,-2.55
-0.0083333333333333,-2.55
-0.0183333333333334,-2.55
-0.0283333333333333,-2.55
-0.0383333333333333,-2.55
-0.0483333333333334,-2.55
-0.0583333333333333,-2.55
-0.0683333333333334,-2.55
-0.0783333333333333,-2.55
-0.0883333333333333,-2.55
-0.0983333333333333,-2.55
-0.108333333333333,-2.55
-0.118333333333333,-2.55
-0.128333333333333,-2.55
-0.138333333333333,-2.55
-0.148333333333333,-2.55
-0.158333333333333,-2.55
-0.168333333333333,-2.55
-0.178333333333333,-2.55
-0.188333333333333,-2.55
-0.198333333333333,-2.55
-0.208333333333333,-2.55
-0.218333333333333,-2.55
-0.228333333333333,-2.55
-0.238333333333333,-2.55
-0.248333333333333,-2.55
-0.258333333333333,-2.55
-0.268333333333333,-2.55
-0.278333333333333,-2.55
-0.288333333333333,-2.55
-0.298333333333333,-2.55
-0.308333333333333,-2.55
-0.318333333333333,-2.55
-0.328333333333333,-2.55
-0.338333333333333,-2.55
-0.348333333333333,-2.55
-0.358333333333333,-2.55
-0.363333333333333,-2.55
-0.373333333333333,-2.55
-0.383333333333333,-2.55
-0.393333333333333,-2.55
-0.403333333333333,-2.55
-0.413333333333333,-2.55
-0.423333333333333,-2.55
-0.433333333333333,-2.55
-0.443333333333333,-2.55
-0.453333333333333,-2.55
-0.463333333333333,-2.55
-0.473333333333333,-2.55
-0.483333333333333,-2.55
-0.493333333333333,-2.55
-0.503333333333333,-2.55
-0.513333333333333,-2.55
-0.523333333333333,-2.55
-0.533333333333333,-2.55
-0.543333333333333,-2.55
-0.553333333333333,-2.55
-0.563333333333333,-2.55
-0.573333333333333,-2.55
-0.583333333333333,-2.55
-0.593333333333333,-2.55
-0.603333333333333,-2.55
-0.613333333333333,-2.55
-0.623333333333333,-2.55
-0.633333333333333,-2.55
-0.643333333333333,-2.55
-0.653333333333333,-2.55
-0.663333333333333,-2.55
-0.673333333333333,-2.55
-0.683333333333333,-2.55
-0.693333333333333,-2.55
-0.703333333333333,-2.55
-0.713333333333333,-2.55
-0.723333333333333,-2.55
-0.733333333333333,-2.55
-0.743333333333333,-2.55
-0.753333333333333,-2.55
-0.763333333333333,-2.55
-0.773333333333333,-2.55
-0.783333333333333,-2.55
-0.793333333333333,-2.55
-0.803333333333333,-2.55
-0.813333333333333,-2.55
-0.823333333333333,-2.55
-0.833333333333333,-2.55
-0.843333333333333,-2.55
-0.853333333333333,-2.55
-0.863333333333333,-2.55
-0.873333333333333,-2.55
-0.883333333333333,-2.55
-0.893333333333333,-2.55
-0.903333333333333,-2.55
-0.913333333333333,-2.55
-0.923333333333333,-2.55
-0.933333333333333,-2.55
-0.943333333333333,-2.55
-0.953333333333333,-2.55
-0.963333333333333,-2.55
-0.973333333333333,-2.55
-0.983333333333333,-2.55
-0.993333333333333,-2.55
-1.00333333333333,-2.55
-1.01333333333333,-2.55
-1.02333333333333,-2.55
-1.03333333333333,-2.55
-1.04333333333333,-2.55
-1.05333333333333,-2.55
-1.06333333333333,-2.55
-1.07333333333333,-2.55
-1.08333333333333,-2.55
-1.09333333333333,-2.55
-1.10333333333333,-2.55
-1.11333333333333,-2.55
-1.12333333333333,-2.55
-1.13333333333333,-2.55
-1.14333333333333,-2.55
-1.15333333333333,-2.55
-1.16333333333333,-2.55
-1.17333333333333,-2.55
-1.18333333333333,-2.55
-1.19333333333333,-2.55
-1.20333333333333,-2.55
-1.21333333333333,-2.55
-1.22333333333333,-2.55
-1.23333333333333,-2.55
-1.24333333333333,-2.55
-1.25333333333333,-2.55
-1.26333333333333,-2.55
-1.27333333333333,-2.55
-1.28333333333333,-2.55
-1.29333333333333,-2.55
-1.30333333333333,-2.55
-1.31333333333333,-2.55
-1.32333333333333,-2.55
-1.33333333333333,-2.55
-1.34333333333333,-2.55
-1.35333333333333,-2.55
-1.36333333333333,-2.55
-1.37333333333333,-2.55
-1.38333333333333,-2.55
-1.39333333333333,-2.55
-1.40333333333333,-2.55
-1.41333333333333,-2.55
-1.42333333333333,-2.55
-1.43333333333333,-2.55
-1.44333333333333,-2.55
-1.45333333333333,-2.55
-1.46333333333333,-2.55
-1.47333333333333,-2.55
-1.48333333333333,-2.55
-1.4885728852708475,-2.55
-1.4985728852708475,-2.55
-1.5085728852708475,-2.55
-1.5185728852708476,-2.55
-1.5285020089555883,-2.549903213483212
-1.538428798745269,-2.549667185416388
-1.5483513020752615,-2.5492919622254018
-1.558267567224087,-2.548777617715352
-1.5681756436972727,-2.5481242530559824
-1.5780735826110723,-2.547331996761837
-1.5879594370757055,-2.5464010046669205
-1.5978312625783997,-2.5453314598941024
-1.607687117365827,-2.544123572819093
-1.617525062826021,-2.542777581029023
-1.6273431638697455,-2.5412937492757344
-1.637139489311067,-2.539672369423714
-1.6469121122472474,-2.5379137603926805
-1.656659110437737,-2.5360182680948267
-1.6663785666823163,-2.5339862653668264
-1.6760685691981263,-2.5318181518964646
-1.6857272119957734,-2.5295143541440317
-1.695352595254227,-2.5270753252584344
-1.7049428256944523,-2.524501544988077
-1.7144960169518872,-2.5217935195864727
-1.7240102899474117,-2.5189517817126994
-1.7334837732570334,-2.515976890326587
-1.7429146034799128,-2.512869430578802
-1.752300925604926,-2.509630013695753
-1.7616408933755447,-2.5062592768593293
-1.770932669652995,-2.502757883081603
-1.7801744267775623,-2.499126521074412
-1.789364346928154,-2.495365905113889
-1.7985006224798084,-2.491476774899948
-1.807581456359289,-2.487459895410833
-1.8166050623985173,-2.4833160567525825
-1.825569665685939,-2.4790460740036946
-1.8344735029156467,-2.47465078705474
-1.8433148227341856,-2.4701310604432045
-1.852091886085068,-2.4654877831833906
-1.8608029665508063,-2.4607218685916026
-1.8694463506925347,-2.455834254106478
-1.878020338387012,-2.4508259011045697
-1.8865232431610284,-2.4456977947113008
-1.8949533925231523,-2.4404509436071367
-1.903309128292644,-2.4350863798292446
-1.9115888069257152,-2.429605158568438
-1.9197907998386856,-2.424008357961637
-1.9279134937284264,-2.4182970788798235
-1.935955290889645,-2.412472444711514
-1.9439146095291184,-2.406535601141737
-1.9517898840769008,-2.4004877159267264
-1.9595795654941928,-2.39432997866424
-1.9672821215780645,-2.388063600559507
-1.974896037262863,-2.381689814187053
-1.9824198149181516,-2.375209873248232
-1.9898519746433363,-2.3686250523246235
-1.9971910545587732,-2.3619366466273237
-2.004435611093257,-2.3551459717422056
-2.011584219268011,-2.348254363371111
-2.0186354729769733,-2.3412631770691528
-2.0255879852633534,-2.334173787978085
-2.032440388592445,-2.3269875905557824
-2.0391913351206266,-2.319705998302003
-2.0458394969604803,-2.312330443480301
-2.052383566441957,-2.304862376836368
-2.0588222563696346,-2.297303267312618
-2.0651543002758586,-2.2896546017593016
-2.0713784526698764,-2.281917884642024
-2.0774934892828063,-2.2740946377457947
-2.08349820730847,-2.2661863998757674
-2.0893914256399677,-2.2581947265544824
-2.0951719851019925,-2.250121189715977
-2.100838748678844,-2.241967377396523
-2.1063906017380587,-2.2337348934223105
-2.111826452249683,-2.225425357093971
-2.1171452310010497,-2.217040402868047
-2.122345891807103,-2.208581680035541
-2.1274274117161607,-2.2000508523974607
-2.1323887912111257,-2.1914495979375794
-2.137229054406132,-2.182779608492384
-2.141947249238435,-2.174042589418281
-2.1465424476557105,-2.1652402592561795
-2.151013745798602,-2.15637434939344
-2.155360264178507,-2.1474466037233424
-2.159581147850544,-2.1384587783020432
-2.163675566581764,-2.129412641003154
-2.1676427150143978,-2.120309971170064
-2.17148181282432,-2.1111525592658955
-2.175192104874486,-2.1019422065213416
-2.1787728613635338,-2.092680724580366
-2.1822233779692337,-2.0833699351438857
-2.185542975987135,-2.074011669611404
-2.188731002463977,-2.0646077687208364
-2.1917868303261714,-2.055160082186376
-2.1947098585031406,-2.045670468334721
-2.197499512045517,-2.0361407937395315
-2.2001552422382757,-2.0265729328542568
-2.202676526708628,-2.016968767643453
-2.205062869528793,-2.007330187212632
-2.2073138013135365,-1.9976590874366436
-2.209428879312489,-1.9879573705867688
-2.211407687497273,-1.9782269449565784
-2.213249836643264,-1.9684697244865497
-2.2149549644062128,-1.958687628387621
-2.2165227353934847,-1.9488825807636496
-2.2179528412300504,-1.9390565102330224
-2.219245000619121,-1.9292113495492091
-2.220398959397496,-1.9193490352206892
-2.2214144905855417,-1.9094715071299757
-2.222291394431848,-1.89958070815208
-2.2230294984525107,-1.8896785837723569
-2.223628657465066,-1.879767081703829
-2.224088753617059,-1.869848151504076
-2.2244096964091806,-1.859923744191743
-2.225,-1.84333333333333
-2.225,-1.83333333333333
-2.225,-1.82333333333333
-2.225,-1.81333333333333
-2.225,-1.80333333333333
-2.225,-1.79333333333333
-2.225,-1.78333333333333
-2.225,-1.77333333333333
-2.225,-1.76333333333333
-2.225,-1.75333333333333
-2.225,-1.74333333333333
-2.225,-1.73333333333333
-2.225,-1.72333333333333
-2.225,-1.71333333333333
-2.225,-1.70333333333333
-2.225,-1.69333333333333
-2.225,-1.68333333333333
-2.225,-1.67333333333333
-2.225,-1.66333333333333
-2.225,-1.65333333333333
-2.225,-1.64333333333333
-2.225,-1.63333333333333
-2.225,-1.62333333333333
-2.225,-1.61333333333333
-2.225,-1.60333333333333
-2.225,-1.59333333333333
-2.225,-1.58333333333333
-2.225,-1.57333333333333
-2.225,-1.56333333333333
-2.225,-1.55333333333333
-2.225,-1.54333333333333
-2.225,-1.53333333333333
-2.225,-1.52333333333333
-2.225,-1.51333333333333
-2.225,-1.50333333333333
-2.225,-1.49333333333333
-2.225,-1.48333333333333
-2.225,-1.47333333333333
-2.225,-1.46333333333333
-2.225,-1.45333333333333
-2.225,-1.44333333333333
-2.225,-1.43333333333333
-2.225,-1.42333333333333
-2.225,-1.41333333333333
-2.225,-1.40333333333333
-2.225,-1.39333333333333
-2.225,-1.38333333333333
-2.225,-1.37333333333333
-2.225,-1.36333333333333
-2.225,-1.35333333333333
-2.225,-1.34333333333333
-2.225,-1.33333333333333
-2.225,-1.32333333333333
-2.225,-1.31333333333333
-2.225,-1.30333333333333
-2.225,-1.29333333333333
-2.225,-1.28333333333333
-2.225,-1.27333333333333
-2.225,-1.26333333333333
-2.225,-1.25333333333333
-2.225,-1.24333333333333
-2.225,-1.23333333333333
-2.225,-1.22333333333333
-2.225,-1.21333333333333
-2.225,-1.20333333333333
-2.225,-1.19333333333333
-2.225,-1.18333333333333
-2.225,-1.17333333333333
-2.225,-1.16333333333333
-2.225,-1.15333333333333
-2.225,-1.14333333333333
-2.225,-1.13333333333333
-2.225,-1.12666666666667
-2.225,-1.11666666666667
-2.225,-1.10666666666667
-2.225,-1.09666666666667
-2.225,-1.08666666666667
-2.225,-1.07666666666667
-2.225,-1.06666666666667
-2.225,-1.05666666666667
-2.225,-1.04666666666667
-2.225,-1.03666666666667
-2.225,-1.02666666666667
-2.225,-1.01666666666667
-2.225,-1.00666666666667
-2.225,-0.996666666666667
-2.225,-0.986666666666667
-2.225,-0.976666666666667
-2.225,-0.966666666666667
-2.225,-0.956666666666667
-2.225,-0.946666666666667
-2.225,-0.936666666666667
-2.225,-0.926666666666667
-2.225,-0.916666666666667
-2.225,-0.906666666666667
-2.225,-0.896666666666667
-2.225,-0.886666666666667
-2.225,-0.876666666666667
-2.225,-0.866666666666667
-2.225,-0.856666666666667
-2.225,-0.846666666666667
-2.225,-0.836666666666667
-2.225,-0.826666666666667
-2.225,-0.816666666666667
-2.22538684950764,-0.80671848185572
-2.22554739183593,-0.79677144857064
-2.22581494173505,-0.786826718204001
-2.22618946823547,-0.77688544188181
-2.22667092798487,-0.766948770330261
-2.22725926525313,-0.757017853742532
-2.22795441193885,-0.747093841645653
-2.22875628757713,-0.737177882767441
-2.229664799349,-0.727271124903536
-2.23067984209206,-0.717374714784537
-2.23180129831272,-0.707489797943268
-2.23302903819979,-0.697617518582181
-2.23436291963947,-0.687759019440904
-2.23580278823183,-0.677915441663978
-2.23734847730869,-0.668087924668758
-2.2389998079529,-0.658277606013527
-2.24075658901902,-0.648485621265818
-2.24261861715552,-0.638713103870972
-2.24458567682823,-0.628961185020938
-2.24665754034537,-0.619230993523335
-2.24883396788383,-0.609523655670788
-2.251114707517,-0.599840295110561
-2.25349949524387,-0.590182032714488
-2.25598805501965,-0.580549986449232
-2.25858009878767,-0.570945271246878
-2.26127532651275,-0.561368998875874
-2.26407342621591,-0.551822277812344
-2.26697407401051,-0.54230621311178
-2.26997693413972,-0.532821906281124
-2.27308165901541,-0.523370455151273
-2.27628788925834,-0.513952953749999
-2.27959525373979,-0.50457049217531
-2.28300336962452,-0.495224156469274
-2.28651184241507,-0.485915028492303
-2.29012026599744,-0.476644185797928
-2.29382822268809,-0.467412701508067
-2.29763528328227,-0.45822164418881
-2.30154100710375,-0.44907207772673
-2.30554494205577,-0.439965061205735
-2.30964662467341,-0.430901648784478
-2.31384558017723,-0.421882889574332
-2.31814132252823,-0.412909827517959
-2.32253335448408,-0.403983501268466
-2.32702116765674,-0.395104944069179
-2.33160424257122,-0.386275183634044
-2.3362820487258,-0.377495242028668
-2.34105404465338,-0.368766135552009
-2.34591967798417,-0.360088874618741
-2.35087838550962,-0.351464463642292
-2.35592959324764,-0.342893900918584
-2.36107271650902,-0.334378178510476
-2.3663071599651,-0.325918282132932
-2.37163231771669,-0.31751519103892
-2.37704757336423,-0.309169877906063
-2.3825523000791,-0.300883308724048
-2.38814586067618,-0.292656442682813
-2.39382760768764,-0.284490232061515
-2.39959688343786,-0.276385622118302
-2.40545302011955,-0.2683435509809
-2.41139533987108,-0.260364949538021
-2.4174231548549,-0.252450741331609
-2.42353576733722,-0.244601842449939
-2.4297324697687,-0.236819161421576
-2.43601254486644,-0.229103599110216
-2.44237526569691,-0.221456048610402
-2.44881989576016,-0.21387739514415
-2.45534568907505,-0.206368515958483
-2.46195189026562,-0.198930280223886
-2.46863773464847,-0.191563548933696
-2.47540244832136,-0.184269174804443
-2.48224524825271,-0.177048002177147
-2.48916534237228,-0.169900866919577
-2.49616192966284,-0.162828596329506
-2.50323420025291,-0.155832009038942
-2.51038133551048,-0.148911914919375
-2.51760250813778,-0.142069114988028
-2.52489688226703,-0.13530440131514
-2.53226361355722,-0.128618556932282
-2.53970184929182,-0.122012355741717
-2.54721072847748,-0.115486562426823
-2.55478938194374,-0.109041932363573
-2.56243693244355,-0.102679211533106
-2.57015249475491,-0.0963991364353717
-2.57793517578327,-0.0902024340038819
-2.58578407466494,-0.0840898215215653
-2.59369828287136,-0.0780620065377409
-2.60167688431423,-0.0721196867862172
-2.60971895545164,-0.0662635501045269
-2.61782356539485,-0.0604942743543099
-2.62598977601615,-0.0548125273428481
-2.63421664205738,-0.0492189667457655
-2.6425032112394,-0.0437142400309002
-2.65084852437225,-0.0382989843833595
-2.65925161546627,-0.0329738266317623
-2.66771151184381,-0.0277393831756843
-2.67622723425192,-0.0225962599143075
-2.68479779697563,-0.0175450521762856
-2.69342220795207,-0.0125863446508337
-2.70209946888534,-0.0077207113200488
-2.710828575362,-0.0029487153924705
-2.71960851696738,0.0017290907621119
-2.72843827740251,0.0063121656765979
-2.7373168346018,0.0107999788492512
-2.74624316085129,0.0151920108051076
-2.75521622290767,0.0194877531561042
-2.76423498211781,0.0236867086599271
-2.77329839453907,0.0277883912775684
-2.78240541106006,0.0317923262295862
-2.79155497752214,0.0356980500510619
-2.8007460348414,0.0395051106452464
-2.80997751913126,0.043213067335893
-2.81924836182564,0.0468214909182648
-2.82855748980261,0.0503299637088173
-2.83790382550864,0.0537380795935459
-2.84728628708333,0.0570454440749951
-2.85670378848461,0.0602516743179214
-2.86615523961446,0.0633563991936086
-2.87563954644511,0.0663592593228259
-2.88515561114568,0.0692599071174278
-2.89470233220921,0.0720580068205874
-2.90427860458021,0.0747532345456611
-2.91388331978257,0.0773452783136799
-2.92351536604782,0.0798338380894613
-2.9331736284439,0.0822186258163388
-2.94285698900412,0.0844993654495056
-2.95256432685667,0.0866757929879672
-2.96229451835427,0.0887476565051006
-2.97204643720431,0.0907147161778147
-2.98181895459915,0.0925767443143105
-2.99161093934686,0.0943335253804373
-3.00142125800209,0.0959848560246415
-3.01124877499731,0.0975305451015041
-3.02109235277424,0.0989704136938672
-3.03095085191551,0.100304295133543
-3.0408231312766,0.101532035020609
-3.05070804811787,0.102653491241274
-3.06060445823687,0.103668533984336
-3.07051121610077,0.104577045756201
-3.08042717497899,0.105378921394488
-3.09035118707587,0.106074068080199
-3.1002821036636,0.106662405348466
-3.11021877521514,0.107143865097862
-3.12016005153733,0.107518391598284
-3.13010478190397,0.107785941497406
-3.14005181518905,0.107946483825695
-3.15666666666667,0.108333333333333
-3.16666666666667,0.108333333333333
-3.17666666666667,0.108333333333333
-3.18666666666667,0.108333333333333
-3.19666666666667,0.108333333333333
-3.20666666666667,0.108333333333333
-3.21666666666667,0.108333333333333
-3.22666666666667,0.108333333333333
-3.23666666666667,0.108333333333333
-3.24666666666667,0.108333333333333
-3.25666666666667,0.108333333333333
-3.26666666666667,0.108333333333333
-3.27666666666667,0.108333333333333
-3.28666666666667,0.108333333333333
-3.29666666666667,0.108333333333333
-3.30666666666667,0.108333333333333
-3.31666666666667,0.108333333333333
-3.32666666666667,0.108333333333333
-3.33666666666667,0.108333333333333
-3.34666666666667,0.108333333333333
-3.35666666666667,0.108333333333333
-3.36666666666667,0.108333333333333
-3.37666666666667,0.108333333333333
-3.38666666666667,0.108333333333333
-3.39666666666667,0.108333333333333
-3.40666666666667,0.108333333333333
-3.41666666666667,0.108333333333333
-3.42666666666667,0.108333333333333
-3.43666666666667,0.108333333333333
-3.44666666666667,0.108333333333333
-3.45666666666667,0.108333333333333
-3.46666666666667,0.108333333333333
-3.47,0.108333333333333
-3.48,0.108333333333333
-3.49,0.108333333333333
-3.5,0.108333333333333
-3.51,0.108333333333333
-3.52,0.108333333333333
-3.53,0.108333333333333
-3.54,0.108333333333333
-3.55,0.108333333333333
-3.56,0.108333333333333
-3.57,0.108333333333333
-3.58,0.108333333333333
-3.59,0.108333333333333
-3.6,0.108333333333333
-3.61,0.108333333333333
-3.62,0.108333333333333
-3.63,0.108333333333333
-3.64,0.108333333333333
-3.65,0.108333333333333
-3.66,0.108333333333333
-3.67,0.108333333333333
-3.68,0.108333333333333
-3.69,0.108333333333333
-3.7,0.108333333333333
-3.71,0.108333333333333
-3.72,0.108333333333333
-3.73,0.108333333333333
-3.74,0.108333333333333
-3.75,0.108333333333333
-3.76,0.108333333333333
-3.77,0.108333333333333
-3.78,0.108333333333333
-3.79,0.108333333333333
-3.8,0.108333333333333
-3.81,0.108333333333333
-3.82,0.108333333333333
-3.83,0.108333333333333
-3.84,0.108333333333333
-3.85,0.108333333333333
-3.86,0.108333333333333
-3.87,0.108333333333333
-3.88,0.108333333333333
-3.89,0.108333333333333
-3.9,0.108333333333333
-3.91,0.108333333333333
-3.92,0.108333333333333
-3.93,0.108333333333333
-3.94,0.108333333333333
-3.95,0.108333333333333
-3.96,0.108333333333333
-3.97,0.108333333333333
-3.98,0.108333333333333
-3.99,0.108333333333333
-4.0,0.108333333333333
-4.01,0.108333333333333
-4.02,0.108333333333333
-4.03,0.108333333333333
-4.04,0.108333333333333
-4.05,0.108333333333333
-4.06,0.108333333333333
-4.07,0.108333333333333
-4.08,0.108333333333333
-4.09,0.108333333333333
-4.1,0.108333333333333
-4.11,0.108333333333333
-4.12,0.108333333333333
-4.13,0.108333333333333
-4.14,0.108333333333333
-4.15,0.108333333333333
-4.16,0.108333333333333
-4.17,0.108333333333333
-4.18,0.108333333333333
-4.19,0.108333333333333
-4.2,0.108333333333333
-4.21,0.108333333333333
-4.22,0.108333333333333
-4.23,0.108333333333333
-4.24,0.108333333333333
-4.25,0.108333333333333
-4.26,0.108333333333333
-4.27,0.108333333333333
-4.28,0.108333333333333
-4.29,0.108333333333333
-4.3,0.108333333333333
-4.31,0.108333333333333
-4.32,0.108333333333333
-4.33,0.108333333333333
-4.34,0.108333333333333
-4.35,0.108333333333333
-4.36,0.108333333333333
-4.37,0.108333333333333
-4.38,0.108333333333333
-4.39,0.108333333333333
-4.4,0.108333333333333
-4.41,0.108333333333333
-4.42,0.108333333333333
-4.43,0.108333333333333
-4.44,0.108333333333333
-4.45,0.108333333333333
-4.46,0.108333333333333
-4.47,0.108333333333333
-4.48,0.108333333333333
-4.49,0.108333333333333
-4.5,0.108333333333333
-4.51,0.108333333333333
-4.52,0.108333333333333
-4.53,0.108333333333333
-4.54,0.108333333333333
-4.55,0.108333333333333
-4.56,0.108333333333333
-4.57,0.108333333333333
-4.58,0.108333333333333
-4.59,0.108333333333333
-4.6,0.108333333333333
-4.61072637999753,0.10854221129991
-4.620649872432231,0.108890295593284
-4.63056750719815,0.109377517746498
-4.64047733353144,0.110003781924669
-4.65037740220413,0.110768964943837
-4.660265765907551,0.111672916295196
-4.670140479635361,0.112715458174696
-4.679999601066131,0.113896385518017
-4.689841190945351,0.115215466040908
-4.69966331346695,0.116672440284871
-4.70946403665397,0.118267021668201
-4.71924143273867,0.119998896542349
-4.72899357854164,0.121867724253625
-4.73871855585012,0.123873137210192
-4.74841445179529,0.126014740954381
-4.75807935922855,0.1282921142402699
-4.76771137709662,0.130704809116551
-4.777308610815471,0.13325235101463
-4.78686917264301,0.135934238841981
-4.79639118205038,0.1387499450807079
-4.805872766091831,0.141698915891301
-4.815312059773141,0.144780571221581
-4.824707206418481,0.147994304920788
-4.83405635803555,0.151339484858813
-4.84335767567914,0.154815453050535
-4.852609329812791,0.158421525785243
-4.8618095006687,0.162156993761121
-4.870956378605641,0.166021122224762
-4.880048164464901,0.1700131511156979
-4.889083069924211,0.174132295215893
-4.898059317849451,0.178377744304199
-4.90697514264425,0.1827486633157199
-4.91582879059724,0.18724419250607
-4.92461852022703,0.191863447620476
-4.93334260262473,0.1966055200677139
-4.94199932179404,0.201469477098821
-4.95058697498876,0.206454361990566
-4.959103873047731,0.211559194233634
-4.96754834072708,0.216782969725486
-4.97591871702972,0.2221246609678679
-4.9842133555321,0.22758321726891
-4.99243062470801,0.233157564949796
-5.00056890824952,0.238846607555955
-5.008626605384911,0.244649226072728
-5.0166021311934905,0.2505642791454709
-5.024493916917421,0.2565906033040619
-5.0323004102702,0.262727013191746
-5.04002007574208,0.268972301798294
-5.0476513949020205,0.275325240697413
-5.05519286669639,0.281784580288381
-5.06264300774424,0.28834905004183
-5.07000035262903,0.295017358749662
-5.07726345418693,0.3017881947790209
-5.08443088379141,0.308660226330286
-5.0915012316343,0.315632101699036
-5.09847310700305,0.322702449541921
-5.10534513855431,0.329869879146401
-5.11211597458367,0.337132980704298
-5.1187842832915,0.344490325589093
-5.125348753044951,0.35194046663694
-5.131808092635921,0.359481938431314
-5.138161031535041,0.367113257591251
-5.144406320141581,0.374832923063128
-5.150542730029271,0.382639416415915
-5.156569054187861,0.39053120213984
-5.1624841072606005,0.398506727948425
-5.168286725777381,0.4065644250838089
-5.17397576838354,0.414702708625323
-5.17955011606442,0.4229199778012329
-5.18500867236546,0.4312146163036109
-5.19035036360784,0.439584992606253
-5.1955741390997,0.448029460285597
-5.200678971342761,0.4565463583445689
-5.20566385623451,0.465134011539291
-5.21052781326562,0.473790730708602
-5.2152698857128605,0.482514813106305
-5.21988914082726,0.491304542736095
-5.22438467001761,0.500158190689085
-5.22875558902913,0.50907401548388
-5.2330010381174406,0.51805026340912
-5.23712018221763,0.527085168868426
-5.24111221110857,0.53617695472769
-5.244976339572211,0.545323832664628
-5.248711807548091,0.55452400352054
-5.2523178802828,0.563775657654194
-5.255793848474521,0.573076975297781
-5.25913902841254,0.582426126914853
-5.262352762111751,0.591821273560188
-5.26543441744203,0.601260567241504
-5.26838338825262,0.610742151282952
-5.27119909449135,0.620264160690318
-5.2738809823187,0.629824722517861
-5.27642852421678,0.6394219562367149
-5.27884121909306,0.6490539741047809
-5.281118592378951,0.658718881538041
-5.28326019612314,0.668414777483215
-5.28526560907971,0.678139754791693
-5.28713443679098,0.68789190059466
-5.288866311665131,0.697669296679358
-5.2904608930484605,0.707470019866384
-5.291917867292421,0.717292142387978
-5.293236947815321,0.727133732267205
-5.294417875158641,0.73699285369797
-5.29546041703814,0.746867567425783
-5.29636436838949,0.756755931129204
-5.29712955140866,0.766655999801893
-5.297755815586831,0.77656582613518
-5.2982430377400505,0.7864834609011
-5.298591122033421,0.796406953335796
-5.2988,0.806334351523229
-5.2988,0.815334012126597
-5.2988,0.824333672729965
-5.2988,0.833333333333333
-5.2988,0.843333333333333
-5.2988,0.853333333333333
-5.2988,0.863333333333333
-5.2988,0.873333333333333
-5.2988,0.883333333333333
-5.2988,0.893333333333333
-5.2988,0.903333333333333
-5.2988,0.913333333333333
-5.2988,0.923333333333333
-5.2988,0.933333333333333
-5.2988,0.943333333333333
-5.2988,0.953333333333333
-5.2988,0.963333333333333
-5.2988,0.973333333333333
-5.2988,0.983333333333333
-5.2988,0.993333333333333
-5.2988,1.00333333333333
-5.2988,1.01333333333333
-5.2988,1.02333333333333
-5.2988,1.03333333333333
-5.2988,1.04333333333333
-5.2988,1.05333333333333
-5.2988,1.06333333333333
-5.2988,1.07333333333333
-5.2988,1.08333333333333
-5.2988,1.09333333333333
-5.2988,1.10333333333333
-5.2988,1.11333333333333
-5.2988,1.12333333333333
-5.2988,1.13333333333333
-5.2988,1.14333333333333
-5.2988,1.15333333333333
-5.2988,1.16333333333333
-5.2988,1.17333333333333
-5.2988,1.18333333333333
-5.2988,1.19333333333333
-5.2988,1.20333333333333
-5.2988,1.21333333333333
-5.2988,1.22333333333333
-5.2988,1.23333333333333
-5.2988,1.24333333333333
-5.2988,1.25333333333333
-5.2988,1.26333333333333
-5.2988,1.27333333333333
-5.2988,1.28333333333333
-5.2988,1.29333333333333
-5.2988,1.30333333333333
-5.2988,1.31333333333333
-5.2988,1.32333333333333
-5.2988,1.33333333333333
-5.2988,1.34
-5.2988,1.35
-5.2988,1.36
-5.2988,1.37
-5.2988,1.38
-5.2988,1.39
-5.2988,1.4
-5.2988,1.41
-5.2988,1.42
-5.2988,1.43
-5.2988,1.44
-5.2988,1.45
-5.2988,1.46
-5.2988,1.47
-5.2988,1.48
-5.2988,1.49
-5.2988,1.5
-5.2988,1.51
-5.2988,1.52
-5.2988,1.53
-5.2988,1.54
-5.2988,1.55
-5.2988,1.56
-5.2988,1.57
-5.2988,1.58
-5.2988,1.59
-5.2988,1.6
-5.2988,1.61
-5.2988,1.62
-5.2988,1.63
-5.2988,1.64
-5.2988,1.65
-5.2988,1.66
-5.2988,1.67
-5.2988,1.68
-5.2988,1.69
-5.2988,1.7
-5.2988,1.71
-5.2988,1.72
-5.2988,1.73
-5.2988,1.74
-5.2988,1.75
-5.2988,1.76
-5.2988,1.77
-5.2988,1.78
-5.2988,1.79
-5.2988,1.8
-5.2988,1.81
-5.2988,1.82
-5.2988,1.83
-5.2988,1.84
-5.2988,1.85
-5.2988,1.8591861999082049
-5.2988,1.86837239981641
-5.29858455457177,1.8783375762608896
-5.29822552857185,1.8882986132869
-5.29772299656012,1.8982534422597697
-5.29707706289872,1.9081999958341096
-5.29628786173038,1.91813620838306
-5.29535555695058,1.92806001642734
-5.29428034217349,1.93796935906372
-5.29306244069178,1.94786217839306
-5.29170210543025,1.95773641994765
-5.29019961889328,1.96759003311786
-5.2885552931062,1.9774209715780495
-5.28676946955043,1.98722719371146
-5.28484251909265,1.9970066630342496
-5.28277484190769,2.0067573486183896
-5.2805668673955,2.01647722551348
-5.27821905409194,2.0261642751672
-5.27573188957353,2.03581648584458
-5.27310589035626,2.04543185304573
-5.27034160178826,2.0550083799221497
-5.26743959793658,2.06454407769143
-5.26440048146796,2.07403696605021
-5.26122488352368,2.0834850735855
-5.2579134635885,2.09288643818405
-5.25446690935365,2.10223910743985
-5.2508859365741,2.11154113905956
-5.24717128891983,2.12079060126591
-5.24332373782147,2.1299855731988497
-5.23934408231003,2.13912414531447
-5.23523314885099,2.1482044197815497
-5.23099179117267,2.15722451087569
-5.22662089008895,2.16618254537096
-5.2221213533163,2.17507666292885
-5.2174941152853,2.18390501648467
-5.21274013694662,2.1926657726311096
-5.2078604055713695,2.20135711199898
-5.20285593454617,2.20997722963507
-5.19772776316261,2.21852433537696
-5.1924769564015,2.2269966542248
-5.18710460471163,2.2353924267099496
-5.18161182378334,2.24370990926034
-5.17599975431685,2.25194737456256
-5.17026956178532,2.26010311192062
-5.16442243619286,2.26817542761118
-5.15845959182735,2.27616264523528
-5.1523822670083,2.28406310606652
-5.14619172382969,2.2918751693954897
-5.1398892478978295,2.29959721287053
-5.13347614806442,2.30722763283464
-5.1269537561547,2.3147648446585296
-5.12032342669088,2.3222072830696496
-5.11358653661086,2.32955340247732
-5.10674448498226,2.33680167729369
-5.09979869271185,2.34395060225052
-5.09275060225052,2.35099869271185
-5.08560167729369,2.3579444849822497
-5.07835340247732,2.36478653661086
-5.07100728306965,2.37152342669088
-5.06356484465853,2.3781537561547
-5.05602763283464,2.38467614806442
-5.04839721287053,2.39108924789783
-5.04067516939549,2.39739172382969
-5.03286310606652,2.4035822670083
-5.02496264523528,2.40965959182735
-5.01697542761118,2.41562243619286
-5.00890311192062,2.42146956178532
-5.00074737456256,2.4271997543168498
-4.99250990926034,2.43281182378334
-4.98419242670995,2.4383046047116297
-4.9757966542248,2.4436769564015
-4.96732433537696,2.44892776316261
-4.95877722963507,2.45405593454616
-4.95015711199899,2.45906040557137
-4.94146577263111,2.4639401369466096
-4.93270501648467,2.4686941152853
-4.9238766629288495,2.4733213533163
-4.91498254537096,2.47782089008895
-4.90602451087569,2.48219179117267
-4.89700441978155,2.4864331488509896
-4.88792414531447,2.4905440823100298
-4.87878557319886,2.4945237378214697
-4.86959060126591,2.49837128891984
-4.86034113905956,2.5020859365741
-4.85103910743985,2.50566690935365
-4.84168643818405,2.5091134635885
-4.8322850735855,2.51242488352369
-4.82283696605021,2.51560048146796
-4.81334407769143,2.51863959793658
-4.80380837992216,2.52154160178826
-4.79423185304573,2.52430589035626
-4.78461648584458,2.5269318895735298
-4.7749642751672,2.52941905409194
-4.76527722551348,2.5317668673955
-4.75555734861839,2.53397484190769
-4.74580666303425,2.53604251909265
-4.73602719371146,2.53796946955043
-4.72622097157805,2.5397552931062
-4.71639003311786,2.54139961889328
-4.70653641994765,2.5429021054302496
-4.69666217839306,2.54426244069178
-4.68676935906372,2.54548034217349
-4.67686001642734,2.54655555695058
-4.66693620838306,2.54748786173038
-4.65699999583411,2.54827706289872
-4.64705344225977,2.54892299656012
-4.6370986132869,2.5494255285718497
-4.62713757626089,2.5497845545717697
-4.61717239981641,2.55
-4.609129299862308,2.55
-4.601086199908205,2.55
-4.593043099954103,2.55
-4.585,2.55
-4.575,2.55
-4.565,2.55
-4.555,2.55
-4.545,2.55
-4.535,2.55
-4.525,2.55
-4.515,2.55
-4.505,2.55
-4.495,2.55
-4.485,2.55
-4.475,2.55
-4.465,2.55
-4.455,2.55
-4.445,2.55
-4.435,2.55
-4.425,2.55
-4.415,2.55
-4.405,2.55
-4.395,2.55
-4.385,2.55
-4.375,2.55
-4.365,2.55
-4.355,2.55
-4.345,2.55
-4.335,2.55
-4.325,2.55
-4.315,2.55
-4.305,2.55
-4.295,2.55
-4.285,2.55
-4.275,2.55
-4.265,2.55
-4.255,2.55
-4.245,2.55
-4.235,2.55
-4.225,2.55
-4.215,2.55
-4.205,2.55
-4.195,2.55
-4.185,2.55
-4.175,2.55
-4.165,2.55
-4.155,2.55
-4.145,2.55
-4.135,2.55
-4.125,2.55
-4.115,2.55
-4.105,2.55
-4.095,2.55
-4.085,2.55
-4.075,2.55
-4.065,2.55
-4.055,2.55
-4.045,2.55
-4.035,2.55
-4.025,2.55
-4.015,2.55
-4.005,2.55
-3.995,2.55
-3.985,2.55
-3.975,2.55
-3.965,2.55
-3.955,2.55
-3.945,2.55
-3.935,2.55
-3.925,2.55
-3.915,2.55
-3.905,2.55
-3.895,2.55
-3.885,2.55
